Puesto;Disco;Artista;Scrobbles
1;Parklife;Blur;422
2;My Way the Best of Frank Sinatra;Frank Sinatra;353
3;The Doors;The Doors;341
4;The Boss;Diana Ross;311
5;Breakfast in America;Supertramp;293
6;Modern Life Is Rubbish;Blur;269
7;Blur;Blur;257
8;Out of the Blue;Electric Light Orchestra;253
9;Morrison Hotel;The Doors;252
10;British Steel;Judas Priest;250
11;The Magic Whip;Blur;248
12;Bossanova;Pixies;237
13;Diana;Diana Ross;221
14;Arthur (Or the Decline and Fall of the British Empire);The Kinks;209
15;Coney Island Baby;Lou Reed;203
16;Berlin;Lou Reed;194
17;Bad Reputation;Thin Lizzy;184
18;The Blue Mask;Lou Reed;180
19;Rubber Soul;The Beatles;174
20;(What's the Story) Morning Glory?;Oasis;171
21;Surfer Rosa;Pixies;171
22;The Beatles [White Album] Disc 1;The Beatles;169
23;OK Computer;Radiohead;167
24;Elvis: 30 #1 Hits;Elvis Presley;166
25;Hunky Dory;David Bowie;165
26;Crystal Castles;Crystal Castles;162
27;Something Else By The Kinks;The Kinks;157
28;Drums and Wires;XTC;153
29;Songs in the Key of Life (disc 2);Stevie Wonder;148
30;Humanz;Gorillaz;147
31;Doolittle;Pixies;145
32;The Bells;Lou Reed;144
33;Trompe le Monde;Pixies;144
34;The Great Escape;Blur;140
35;Smart;Sleeper;140
36;Songs in the Key of Life (disc 1);Stevie Wonder;140
37;A Night at the Opera;Queen;137
38;Abbey Road;The Beatles;137
39;Children of the World;Bee Gees;136
40;Think Tank;Blur;136
41;John Lennon/Plastic Ono Band;John Lennon;136
42;Different Class;Pulp;135
43;Waiting for the Sun;The Doors;135
44;13;Blur;134
45;The Wall;Pink Floyd;133
46;International Velvet;Catatonia;132
47;Lodger;David Bowie;131
48;Imagine;John Lennon;131
49;The Ballad of Darren;Blur;129
50;Imagination;Gladys Knight & The Pips;126
51;Music From Big Pink;The Band;125
52;Goodbye Yellow Brick Road;Elton John;124
53;Blade Runner;Vangelis;124
54;Bayou Country;Creedence Clearwater Revival;123
55;Discovery;Electric Light Orchestra;122
56;The Dark Side of the Moon;Pink Floyd;122
57;The Kinks Are the Village Green Preservation Society;The Kinks;122
58;I Should Coco;Supergrass;121
59;Off the Wall;Michael Jackson;120
60;Ace of Spades;Motörhead;120
61;White Trash, Two Heebs and a Bean;NOFX;115
62;Kinks;The Kinks;115
63;Up the Bracket;The Libertines;113
64;Leisure;Blur;111
65;Low;David Bowie;110
66;Lou Reed;Lou Reed;109
67;This Is Hardcore;Pulp;109
68;Stained Class;Judas Priest;107
69;Definitely Maybe;Oasis;107
70;Demon Days;Gorillaz;106
71;Nevermind;Nirvana;106
72;Lennon Legend;John Lennon;104
73;Transformer;Lou Reed;104
74;The Beatles [White Album] Disc 2;The Beatles;104
75;Sticky Fingers;The Rolling Stones;103
76;Green River;Creedence Clearwater Revival;101
77;K;Kula Shaker;100
78;Currents;Tame Impala;100
79;Urban Hymns;The Verve;100
80;The Rise and Fall of Ziggy Stardust and the Spiders From Mars;David Bowie;98
81;The Secret Migration;Mercury Rev;98
82;London Calling;The Clash;98
83;Talking Heads: 77;Talking Heads;97
84;Sin After Sin;Judas Priest;96
85;His 'n' Hers;Pulp;96
86;L.A. Woman;The Doors;96
87;Killing Machine;Judas Priest;95
88;Screaming for Vengeance;Judas Priest;95
89;Bloodsports;Suede;95
90;Legend;Bob Marley;93
91;Jailbreak;Thin Lizzy;93
92;Crystal Castles II;Crystal Castles;92
93;Living in the Material World;George Harrison;92
94;News of the World;Queen;92
95;Pet Sounds;The Beach Boys;91
96;Lola Versus Powerman And The Moneygoround, Part One;The Kinks;91
97;A New World Record;Electric Light Orchestra;90
98;Fush Yu Mang;Smash Mouth;90
99;Coming Up;Suede;90
100;Everything Must Go;Manic Street Preachers;89
101;X&Y;Coldplay;88
102;Killers;Iron Maiden;88
103;More Songs About Buildings and Food;Talking Heads;87
104;Heroes;David Bowie;86
105;Blonde on Blonde;Bob Dylan;84
106;Scary Monsters (and Super Creeps);David Bowie;84
107;Led Zeppelin IV;Led Zeppelin;84
108;Travelling Without Moving;Jamiroquai;83
109;Suede;Suede;83
110;The Spinning Top;Graham Coxon;82
111;Steppenwolf;Steppenwolf;82
112;The Who Sell Out;The Who;82
113;Nightlife;Thin Lizzy;82
114;Grandes Éxitos Pequeños Regalos;Celtas Cortos;81
115;Electric Warrior;T. Rex;80
116;Innerspeaker;Tame Impala;80
117;The Essential Tracks;Jerry Lee Lewis;79
118;Lonerism;Tame Impala;79
119;Happiness In Magazines;Graham Coxon;78
120;Deserter's Songs;Mercury Rev;78
121;Congratulations;MGMT;78
122;Go 2;XTC;78
123;Highway to Hell;AC/DC;77
124;Never Mind The Bollocks, Here's The Sex Pistols;Sex Pistols;77
125;Fear of Music;Talking Heads;77
126;Fresh Cream;Cream;76
127;Agotados de esperar el fin;Ilegales;76
128;Strange Days;The Doors;76
129;Black Sea;XTC;76
130;Sabbath Bloody Sabbath;Black Sabbath;75
131;Sgt. Pepper's Lonely Hearts Club Band;The Beatles;75
132;The Libertines;The Libertines;75
133;Love Bites;Buzzcocks;74
134;The Freddie Mercury Album;Freddie Mercury;74
135;Hot Space;Queen;74
136;Fulfillingness First Finale;Stevie Wonder;74
137;1;The Beatles;74
138;Ross;Diana Ross;73
139;Discovery;Daft Punk;72
140;La Culpa Fue De Gabinete;Gabinete Caligari;72
141;United;Phoenix;72
142;The Bends;Radiohead;72
143;Revolver;The Beatles;72
144;Purple Rain;Prince;71
145;Give 'Em Enough Rope;The Clash;71
146;The Soft Parade;The Doors;70
147;If You Can Believe Your Eyes and Ears;The Mamas & the Papas;70
148;Road to Ruin;Ramones;69
149;Fascinado;Sidonie;69
150;Maneras de vivir (Todos los grandes éxitos);Leno;68
151;Veneno En La Piel;Radio Futura;68
152;Innervisions;Stevie Wonder;68
153;El Espíritu Del Vino;Héroes del Silencio;67
154;Mind Games;John Lennon;67
155;Physical Graffiti;Led Zeppelin;67
156;Merrie Land;The Good, the Bad & the Queen;67
157;McCartney II;Paul McCartney;66
158;Face to Face;The Kinks;66
159;The Now Now;Gorillaz;65
160;Love Travels At Illegal Speeds;Graham Coxon;65
161;See You On the Other Side;Mercury Rev;65
162;Wowee Zowee;Pavement;65
163;Without You I'm Nothing;Placebo;65
164;Walls and Bridges;John Lennon;64
165;Rock And Roll Heart;Lou Reed;64
166;Hail to the Thief;Radiohead;64
167;Born to Run;Bruce Springsteen;63
168;Glenn Miller Plays Selections From The Glenn Miller Story And Other Hits;Glenn Miller;63
169;All Is Dream;Mercury Rev;63
170;Head Music;Suede;63
171;Casanova;The Divine Comedy;63
172;Johnny the Fox;Thin Lizzy;63
173;All Things Must Pass (disc 1);George Harrison;62
174;Any Minute Now;Soulwax;62
175;Help!;The Beatles;62
176;Life;The Cardigans;62
177;Diamond Dogs;David Bowie;61
178;Psychocandy;The Jesus and Mary Chain;60
179;Rocks;Aerosmith;59
180;The Very Best Of Elvis Costello Disc 1;Elvis Costello & The Attractions;59
181;The Real Thing;Faith No More;59
182;Jarvis;Jarvis Cocker;59
183;Let It Be;The Beatles;59
184;Houses of the Holy;Led Zeppelin;58
185;A Saucerful of Secrets;Pink Floyd;58
186;Pablo Honey;Radiohead;57
187;Dog Man Star;Suede;57
188;Plastic Beach;Gorillaz;56
189;Turbo;Judas Priest;55
190;Unidad De Desplazamiento;Los Planetas;55
191;End of the Century;Ramones;55
192;Californication;Red Hot Chili Peppers;55
193;Please Please Me;The Beatles;55
194;Combat Rock;The Clash;55
195;Adore;The Smashing Pumpkins;55
196;Mellon Collie and the Infinite Sadness (Dawn to Dusk);The Smashing Pumpkins;55
197;Fighting;Thin Lizzy;55
198;1977;Ash;54
199;Modern Life Is Rubbish (Special Edition);Blur;54
200;Young Americans;David Bowie;54
201;Sally Can't Dance;Lou Reed;54
202;Weezer (The Blue Album);Weezer;54
203;Highway 61 Revisited;Bob Dylan;53
204;Cosmo's Factory;Creedence Clearwater Revival;53
205;Elastica;Elastica;53
206;One Step Beyond;Madness;53
207;This Is My Truth Tell Me Yours;Manic Street Preachers;53
208;The Fat Of The Land;Prodigy;53
209;Space Oddity;David Bowie;52
210;1999;Prince;52
211;Costa Azul;Sidonie;52
212;Aladdin Sane;David Bowie;51
213;Black Tie White Noise;David Bowie;50
214;You're Living All Over Me;Dinosaur Jr.;50
215;Led Zeppelin II;Led Zeppelin;50
216;Supergrass;Supergrass;50
217;The Velvet Underground & Nico;The Velvet Underground;50
218;Alta Suciedad;Andrés Calamaro;49
219;The Man Who Sold the World;David Bowie;49
220;Duran Duran;Duran Duran;49
221;Gorillaz;Gorillaz;49
222;Lust for Life;Iggy Pop;49
223;In Utero;Nirvana;49
224;Loco Por Incordiar;Rosendo;49
225;The Madcap Laughs;Syd Barrett;49
226;Parallel Lines;Blondie;48
227;Spiders;Space;48
228;Everyone's Got One;Echobelly;47
229;Sad Wings of Destiny;Judas Priest;47
230;We Love Life;Pulp;47
231;Ramones;Ramones;47
232;The Stone Roses;The Stone Roses;47
233;Eliminator;ZZ Top;47
234;Toys in the Attic;Aerosmith;46
235;Aloha From Hawaii Via Satellite;Elvis Presley;46
236;Song Machine, Season One: Strange Timez;Gorillaz;46
237;Ilegales;Ilegales;46
238;Led Zeppelin III;Led Zeppelin;46
239;Frankenstein;Los Suaves;46
240;Be Here Now;Oasis;46
241;Herzeleid;Rammstein;46
242;Outlandos D'Amour;The Police;46
243;Let It Bleed;The Rolling Stones;46
244;Willy and the Poor Boys;Creedence Clearwater Revival;45
245;The Fall;Gorillaz;45
246;Defenders of the Faith;Judas Priest;45
247;Tragic Kingdom;No Doubt;45
248;All Summer Long;The Beach Boys;45
249;Senderos De Traición;Héroes del Silencio;44
250;Surrealistic Pillow;Jefferson Airplane;44
251;Juez y Parte;Joaquín Sabina;44
252;Otis Blue;Otis Redding;44
253;Kid A;Radiohead;44
254;Anthology Disc 1;Ramones;43
255;In It for the Money;Supergrass;43
256;Gran Turismo;The Cardigans;43
257;The Gift;The Jam;43
258;Is This It;The Strokes;43
259;Honestidad Brutal CD1;Andrés Calamaro;42
260;Parachutes;Coldplay;42
261;Everyday Robots;Damon Albarn;42
262;Dookie;Green Day;42
263;Buena Suerte;Los Rodríguez;42
264;Come On Pilgrim;Pixies;42
265;The Good, the Bad & the Queen;The Good, the Bad & the Queen;42
266;Achtung Baby;U2;42
267;Pinkerton;Weezer;42
268;Powerage;AC/DC;41
269;Master of Reality;Black Sabbath;41
270;The Sky Is Too High;Graham Coxon;41
271;Oracular Spectacular;MGMT;41
272;Walk Among Us;Misfits;41
273;Black Holes and Revelations;Muse;41
274;Isn't Anything;my bloody valentine;41
275;Punk in Drublic;NOFX;41
276;Dig Out Your Soul;Oasis;41
277;Superstate (feat. Graham Coxon);Superstate;41
278;Beggars Banquet;The Rolling Stones;41
279;Best of Specials;The Specials;41
280;Who's Next;The Who;41
281;The Great Escape (Special Edition);Blur;40
282;Rocka Rolla;Judas Priest;40
283;Alevosía;Luis Eduardo Aute;40
284;Attack Of The Grey Lantern;Mansun;40
285;The Masterplan;Oasis;40
286;Ram;Paul McCartney;40
287;Meddle;Pink Floyd;40
288;Are You Experienced?;The Jimi Hendrix Experience;40
289;The WAEVE;The WAEVE;40
290;The Ideal Crash;dEUS;39
291;Malas Compañías;Joaquín Sabina;39
292;Double Fantasy;John Lennon;39
293;Here's Little Richard;Little Richard;39
294;Rock 'n' Roll Animal;Lou Reed;39
295;Wallpaper For The Soul;Tahiti 80;39
296;The Band;The Band;39
297;Tyrannosaurus Hives;The Hives;39
298;City Lights;The WAEVE;39
299;1984;Van Halen;39
300;Back in Black;AC/DC;38
301;Too Low For Zero;Elton John;38
302;The Rise & Fall;Madness;38
303;18;Moby;38
304;Don't Believe the Truth;Oasis;38
305;Mellon Collie And The Infinite Sadness (Twilight To Starlight);The Smashing Pumpkins;38
306;Hatful of Hollow;The Smiths;38
307;Todos Están Muertos;Ilegales;37
308;Street Hassle;Lou Reed;37
309;It's Never Been Like That;Phoenix;37
310;Jazz;Queen;37
311;These People;Richard Ashcroft;37
312;A Hard Day's Night;The Beatles;37
313;The La's;The La's;37
314;The Smiths;The Smiths;37
315;Facelift;Alice in Chains;36
316;The Nearer the Fountain, More Pure the Stream Flows;Damon Albarn;36
317;Machine Head;Deep Purple;36
318;2nd to None;Elvis Presley;36
319;Impuesto Revolucionario;Eskorbuto;36
320;What's Going On;Marvin Gaye;36
321;Thriller;Michael Jackson;36
322;The Clash (U.K.);The Clash;36
323;The Very Best Of Edith Piaf;Édith Piaf;35
324;Version 2.0;Garbage;35
325;Avalancha;Héroes del Silencio;35
326;Surfing with the Alien;Joe Satriani;35
327;Unknown Pleasures;Joy Division;35
328;Próxima Estación...Esperanza;Manu Chao;35
329;Blue Lines;Massive Attack;35
330;Surrender;The Chemical Brothers;35
331;The Best of Van Morrison;Van Morrison;35
332;Blur (Special Edition);Blur;34
333;Exodus;Bob Marley & The Wailers;34
334;Let's Dance;David Bowie;34
335;Sanatorio de Muñecos;Hamlet;34
336;Ultrasónica;Los Piratas;34
337;Alphabetical;Phoenix;34
338;Screamadelica;Primal Scream;34
339;Rage Against the Machine;Rage Against the Machine;34
340;Boys Don't Cry;The Cure;34
341;Highly Evolved;The Vines;34
342;Mr. Natural;Bee Gees;33
343;Nuevas mezclas;El Último de la Fila;33
344;A+E;Graham Coxon;33
345;The Golden D;Graham Coxon;33
346;Synkronized;Jamiroquai;33
347;Mezzanine;Massive Attack;33
348;Player;Player;33
349;Mars Audiac Quintet;Stereolab;33
350;Elephant;The White Stripes;33
351;The Joshua Tree;U2;33
352;All The People... Blur: Live In Hyde Park 02/07/2009;Blur;32
353;Leisure (Special Edition);Blur;32
354;Parklife (Special Edition);Blur;32
355;Antidotes;Foals;32
356;There Is Nothing Left to Lose;Foo Fighters;32
357;Appetite for Destruction;Guns N' Roses;32
358;Patente De Corso;Jaime Urrutia;32
359;Greatest Hits;Joe Cocker;32
360;Play;Moby;32
361;Vulgar Display of Power;Pantera;32
362;Rated R;Queens of the Stone Age;32
363;Sehnsucht;Rammstein;32
364;Vol.4;Black Sabbath;31
365;Rock Transgresivo;Extremoduro;31
366;Al calor del amor en un bar;Gabinete Caligari;31
367;Bleach;Nirvana;31
368;Wish You Were Here;Pink Floyd;31
369;Voy a acabar borracho;Platero y tú;31
370;Bad Moon Rising;Sonic Youth;31
371;Dirty;Sonic Youth;31
372;Music for the Jilted Generation;The Prodigy;31
373;After-Math;The Rolling Stones;31
374;Homework;Daft Punk;30
375;Radio Songs;Dave Rowntree;30
376;Somos unos Animales;Extremoduro;30
377;Franz Ferdinand;Franz Ferdinand;30
378;Ladies And Gentlemen... The Best Of George Michael;George Michael;30
379;Once Upon a Time in the West;Hard-Fi;30
380;Grace;Jeff Buckley;30
381;El Hombre del Traje Gris;Joaquín Sabina;30
382;Painkiller;Judas Priest;30
383;30 Años De Éxitos;Los Toreros Muertos;30
384;Second Helping;Lynyrd Skynyrd;30
385;Grease;Soundtrack;30
386;Kinda Kinks;The Kinks;30
387;Use Your Brain;Clawfinger;29
388;Alzheimer;Def con Dos;29
389;Face the Music;Electric Light Orchestra;29
390;Rumours;Fleetwood Mac;29
391;Employment;Kaiser Chiefs;29
392;His 'n' Hers (Bonus Disc);Pulp;29
393;A Short Cut To Teenage Fanclub;Teenage Fanclub;29
394;Paranoid;Black Sabbath;28
395;Station to Station;David Bowie;28
396;The Next Day;David Bowie;28
397;Estopa;Estopa;28
398;Angel Dust;Faith No More;28
399;Warning;Green Day;28
400;Ruleta Rusa;Joaquín Sabina;28
401;Sin Documentos;Los Rodríguez;28
402;¿Donde jugarán las niñas?;Molotov;28
403;The Coral;The Coral;28
404;Neon Bible;Arcade Fire;27
405;Suck It and See;Arctic Monkeys;27
406;Mutations;Beck;27
407;Another Music In A Different Kitchen;Buzzcocks;27
408;Waterloo To Anywhere;Dirty Pretty Things;27
409;On;Echobelly;27
410;Eldorado;Electric Light Orchestra;27
411;Our Love to Admire;Interpol;27
412;Too Fast for Love;Mötley Crüe;27
413;Horses;Patti Smith;27
414;A Kind of Magic;Queen;27
415;Remain in Light;Talking Heads;27
416;My Generation;The Who;27
417;Vagabonds of the Western World;Thin Lizzy;27
418;Main Course;Bee Gees;26
419;Debut;Björk;26
420;Crystal Castles III;Crystal Castles;26
421;Rio;Duran Duran;26
422;D-Sides CD1;Gorillaz;26
423;Regreso Al Sexo Químicamente Puro;Ilegales;26
424;Because of the Times;Kings of Leon;26
425;Dressed To Kill;Kiss;26
426;Kiss;Kiss;26
427;The Firstborn Is Dead;Nick Cave & the Bad Seeds;26
428;Sheer Heart Attack;Queen;26
429;Rocket to Russia;Ramones;26
430;Righeira;Righeira;26
431;Rocket Juice & the Moon;Rocket Juice & The Moon;26
432;Fuera De Lugar;Rosendo;26
433;Ogden's Nut Gone Flake;Small Faces;26
434;Beatles for Sale;The Beatles;26
435;Songs The Lord Taught Us;The Cramps;26
436;Hot Fuss;The Killers;26
437;Smash;The Offspring;26
438;Pizza Pop;Australian Blonde;25
439;Larga Vida Al Rock and Roll;Barón Rojo;25
440;Spirits Having Flown;Bee Gees;25
441;Billy Idol;Billy Idol;25
442;The River;Bruce Springsteen;25
443;Creedence Clearwater Revival;Creedence Clearwater Revival;25
444;3 Feet High and Rising;De La Soul;25
445;Tumbleweed Connection;Elton John;25
446;Sketches of Spain;Miles Davis;25
447;Low-Life;New Order;25
448;Noel Gallagher's High Flying Birds;Noel Gallagher;25
449;Chasing Yesterday;Noel Gallagher's High Flying Birds;25
450;Seventeen Seconds;The Cure;25
451;Yoshimi Battles the Pink Robots;The Flaming Lips;25
452;Experience;The Prodigy;25
453;Enter the Wu-Tang (36 Chambers);Wu-Tang Clan;25
454;Among the Living;Anthrax;24
455;Saturday Night Fever: The Original Movie Sound Track;Bee Gees;24
456;Dire Straits;Dire Straits;24
457;Metropolis Pt. 2: Scenes From a Memory;Dream Theater;24
458;Leaders of the Free World;Elbow;24
459;From Here to Eternity;Giorgio Moroder;24
460;Crow Sit on Blood Tree;Graham Coxon;24
461;Chicos Pálidos Para La Máquina;Ilegales;24
462;The Number of the Beast;Iron Maiden;24
463;In Through the Out Door;Led Zeppelin;24
464;El ritmo del garage;Loquillo y Trogloditas;24
465;Countdown to Extinction;Megadeth;24
466;Iron Fist;Motörhead;24
467;Stories From the City, Stories From the Sea;PJ Harvey;24
468;Out of Time;R.E.M.;24
469;The Slider;T. Rex;24
470;Marquee Moon;Television;24
471;Volcano;Temples;24
472;Pretenders;The Pretenders;24
473;Maxinquaye;Tricky;24
474;It's Blitz!;Yeah Yeah Yeahs;24
475;Por Instinto;Barricada;23
476;Buddy Holly 75 - CD2;Buddy Holly;23
477;Crowded House;Crowded House;23
478;Right Thoughts, Right Words, Right Action;Franz Ferdinand;23
479;Back To Front;Gilbert O'Sullivan;23
480;Surfing the Void;Klaxons;23
481;Earth A.D. & Wolfsblood;Misfits;23
482;Animal Rights;Moby;23
483;Standing on the Shoulder of Giants;Oasis;23
484;Moseley Shoals;Ocean Colour Scene;23
485;Yield;Pearl Jam;23
486;The Wall [CD1];Pink Floyd;23
487;Good Humor;Saint Etienne;23
488;Magical Mystery Tour;The Beatles;23
489;The Fat of the Land;The Prodigy;23
490;Tommy;The Who;23
491;Fragile;Yes;23
492;Hours...;David Bowie;22
493;Caldo de Pollo;Decibelios;22
494;Fireball;Deep Purple;22
495;On the Third Day;Electric Light Orchestra;22
496;Freak Out!;Frank Zappa;22
497;A Funk Odyssey;Jamiroquai;22
498;Esta Vida Me Va A Matar;Los Suaves;22
499;New York Dolls;New York Dolls;22
500;Correos;Platero y tú;22
501;Dummy;Portishead;22
502;A Day at the Races;Queen;22
503;The Works;Queen;22
504;Amnesiac;Radiohead;22
505;Blood Sugar Sex Magik;Red Hot Chili Peppers;22
506;By the Way;Red Hot Chili Peppers;22
507;A Tientas y Barrancas;Rosendo;22
508;Goo;Sonic Youth;22
509;Night Thoughts;Suede;22
510;Even in the Quietest Moments...;Supertramp;22
511;A Catholic Education;Teenage Fanclub;22
512;In the City;The Jam;22
513;Setting Sons;The Jam;22
514;Ghost In The Machine;The Police;22
515;Reggatta de Blanc;The Police;22
516;Room on Fire;The Strokes;22
517;Buddy Holly 75 - CD01;Buddy Holly;21
518;El fin de la década;Burning;21
519;Music for the Masses;Depeche Mode;21
520;I Got Dem Ol' Kozmic Blues Again, Mama;Janis Joplin;21
521;Encuentros con entidades;Los Planetas;21
522;Super 8;Los Planetas;21
523;New Sensations;Lou Reed;21
524;Tubular Bells;Mike Oldfield;21
525;Origin of Symmetry;Muse;21
526;Brighten the Corners;Pavement;21
527;Reckoning;R.E.M.;21
528;Deuce;Rory Gallagher;21
529;Talking Book;Stevie Wonder;21
530;Absolutely Live;The Doors;21
531;Gish;The Smashing Pumpkins;21
532;A Northern Soul;The Verve;21
533;Whatever People Say I Am, That's What I'm Not;Arctic Monkeys;20
534;Midlife: A Beginner's Guide To Blur;Blur;20
535;Life;Inspiral Carpets;20
536;Emergency On Planet Earth;Jamiroquai;20
537;Point of Entry;Judas Priest;20
538;Destroyer;Kiss;20
539;(pronounced 'lĕh-'nérd 'skin-'nérd);Lynyrd Skynyrd;20
540;MGMT;MGMT;20
541;Colour Of The Trap;Miles Kane;20
542;Bomber;Motörhead;20
543;Showbiz;Muse;20
544;Grabaciones Completas 1981-1983;Parálisis Permanente;20
545;Vitalogy;Pearl Jam;20
546;Muy Deficiente;Platero Y Tu;20
547;Life Thru a Lens;Robbie Williams;20
548;For Your Pleasure;Roxy Music;20
549;True;Spandau Ballet;20
550;Crisis? What Crisis?;Supertramp;20
551;The Best of Talking Heads;Talking Heads;20
552;The Head on the Door;The Cure;20
553;Primary Colours;The Horrors;20
554;The Kink Kontroversy;The Kinks;20
555;Machina - The Machines of God;The Smashing Pumpkins;20
556;The Queen Is Dead;The Smiths;20
557;The Who by Numbers;The Who;20
558;Undertow;Tool;20
559;Nine Lives;Aerosmith;19
560;Black Sabbath;Black Sabbath;19
561;13 (Special Edition);Blur;19
562;Ocean Rain;Echo & the Bunnymen;19
563;Salve;La Polla Records;19
564;Led Zeppelin I;Led Zeppelin;19
565;Songs of Leonard Cohen;Leonard Cohen;19
566;Rust In Peace;Megadeth;19
567;Don't Forget Who You Are;Miles Kane;19
568;Black Market Music;Placebo;19
569;Queen;Queen;19
570;With the Beatles;The Beatles;19
571;Yellow Submarine;The Beatles;19
572;Meat Is Murder;The Smiths;19
573;Funeral;Arcade Fire;18
574;Think Tank (Special Edition);Blur;18
575;The Best Of Chet Baker;Chet Baker;18
576;Disraeli Gears;Cream;18
577;Armas Pal Pueblo;Def con Dos;18
578;Communiqué;Dire Straits;18
579;Flamingos;Enrique Bunbury;18
580;Slowhand;Eric Clapton;18
581;This Is Glenn Miller And His Orchestra;Glenn Miller;18
582;Stand Up;Jethro Tull;18
583;Substance;Joy Division;18
584;In the Court of the Crimson King;King Crimson;18
585;Growing Up in Public;Lou Reed;18
586;Gold Against the Soul;Manic Street Preachers;18
587;Master of Puppets;Metallica;18
588;The Piper at the Gates of Dawn;Pink Floyd;18
589;Separations;Pulp;18
590;Automatic for the People;R.E.M.;18
591;Robbie Dupree;Robbie Dupree;18
592;Jugar Al Gua;Rosendo;18
593;Bailaré Sobre Tu Tumba;Siniestro Total;18
594;Kiss Me, Kiss Me, Kiss Me;The Cure;18
595;Black and Blue;The Rolling Stones;18
596;It's Only Rock 'n' Roll;The Rolling Stones;18
597;The Suburbs;Arcade Fire;17
598;Eat to the Beat;Blondie;17
599;Rasgos;Camilo Sesto;17
600;Bug;Dinosaur Jr.;17
601;Milestones Of A Swing Legend CD6;Glenn Miller;17
602;El Mar No Cesa;Héroes del Silencio;17
603;Crooked Rain, Crooked Rain;Pavement;17
604;Muy deficiente;Platero y tú;17
605;Songs for the Deaf;Queens of the Stone Age;17
606;Nunca es Tarde... si la Dicha es Buena;Reincidentes;17
607;¿Cuándo se come aqui?;Siniestro Total;17
608;Menos Mal Que Nos Queda Portugal;Siniestro Total;17
609;The It Girl;Sleeper;17
610;Superunknown;Soundgarden;17
611;A New Morning;Suede;17
612;Crime of the Century;Supertramp;17
613;Between 10th and 11th;The Charlatans;17
614;Some Girls;The Rolling Stones;17
615;NME Presents the 90s Disc 1;Various Artists;17
616;NME Presents the 90s Disc 2;Various Artists;17
617;NME Presents the 90s Disc 3;Various Artists;17
618;Weezer (The Green Album);Weezer;17
619;summerteeth;Wilco;17
620;Reflektor;Arcade Fire;16
621;Odelay;Beck;16
622;Cria Cuervos;Boikot;16
623;Catch Bull At Four;Cat Stevens;16
624;Inadaptados;Cicatriz;16
625;You Could Have It So Much Better;Franz Ferdinand;16
626;Glasvegas;Glasvegas;16
627;16 Biggest Hits;Johnny Cash;16
628;Kasabian;Kasabian;16
629;Life Is Peachy;Korn;16
630;Autobahn;Kraftwerk;16
631;Physical Graffiti (CD2);Led Zeppelin;16
632;Chocolate Starfish and the Hot Dog Flavored Water;Limp Bizkit;16
633;Peace Sells... But Who's Buying?;Megadeth;16
634;... And Justice for All;Metallica;16
635;Marchin' Already;Ocean Colour Scene;16
636;Greatest Hits I;Queen;16
637;Rancid;Rancid;16
638;Sandinista!;The Clash;16
639;Three Imaginary Boys;The Cure;16
640;Darklands;The Jesus and Mary Chain;16
641;Siamese Dream;The Smashing Pumpkins;16
642;Live & Dangerous;Thin Lizzy;16
643;Good Feeling;Travis;16
644;Le origini volume 1;Adriano Celentano;15
645;No Control;Bad Religion;15
646;Balas Blancas;Barricada;15
647;Madrid;Burning;15
648;Grandes éxitos y fracasos (Episodio primero);Extremoduro;15
649;You've Come a Long Way, Baby;Fatboy Slim;15
650;Strangers in the Night;Frank Sinatra;15
651;Privado;Gabinete Caligari;15
652;Use Your Illusion II;Guns N' Roses;15
653;Some Time In New York City [CD1]];John Lennon;15
654;Palabras más, Palabras Menos;Los Rodríguez;15
655;The Downward Spiral;Nine Inch Nails;15
656;7;Platero y tú;15
657;This Is Hardcore (Bonus Disc);Pulp;15
658;Música moderna;Radio Futura;15
659;Live aus Berlin;Rammstein;15
660;La Tortuga;Rosendo;15
661;In Trance;Scorpions;15
662;Never Mind the Bollocks;Sex Pistols;15
663;Von;Sigur Rós;15
664;The Hush;Texas;15
665;The Clash (U.S.);The Clash;15
666;To the Faithful Departed;The Cranberries;15
667;Band on the Run;Wings;15
668;Volumen Brutal;Barón Rojo;14
669;In the Flat Field;Bauhaus;14
670;Sabotage;Black Sabbath;14
671;Under the Westway;Blur;14
672;Born in the U.S.A.;Bruce Springsteen;14
673;Madrid, zona bruta;El Club de los Poetas Violentos;14
674;Iros Todos a Tomar Por Culo;Extremoduro;14
675;King for a Day... Fool for a Lifetime;Faith No More;14
676;Sun Valley Serenade;Glenn Miller;14
677;Use Your Illusion I;Guns N' Roses;14
678;The Return Of The Space Cowboy;Jamiroquai;14
679;LHR;La Habitación Roja;14
680;Revolución;La Polla Records;14
681;New York;Lou Reed;14
682;Load;Metallica;14
683;Bad;Michael Jackson;14
684;Ten;Pearl Jam;14
685;Hay Poco Rock & Roll;Platero y tú;14
686;Tin Planet;Space;14
687;How to Make Friends and Influence People;Terrorvision;14
688;Stage Fright;The Band;14
689;Come With Us;The Chemical Brothers;14
690;Psychedelic Jungle;The Cramps;14
691;Faith;The Cure;14
692;Sound Affects;The Jam;14
693;Ixnay on the Hombre;The Offspring;14
694;White Music;XTC;14
695;Get a Grip;Aerosmith;13
696;Favourite Worst Nightmare;Arctic Monkeys;13
697;Shotter´s Nation;Babyshambles;13
698;Different Gear, Still Speeding;Beady Eye;13
699;Big Brother & Holding Company;Big Brother & The Holding Company;13
700;Plastic Letters;Blondie;13
701;Parklive Disc 1;Blur;13
702;The River 1;Bruce Springsteen;13
703;Never Let Me Down;David Bowie;13
704;Transatlanticism;Death Cab for Cutie;13
705;Pyromania;Def Leppard;13
706;Violator;Depeche Mode;13
707;Pequeño;Enrique Bunbury;13
708;Agíla;Extremoduro;13
709;Tonight: Franz Ferdinand;Franz Ferdinand;13
710;Juke Box Saturday Night;Glenn Miller;13
711;Make Yourself;Incubus;13
712;Ray of Light;Madonna;13
713;Mechanical Wonder;Ocean Colour Scene;13
714;Evil Heat;Primal Scream;13
715;Mother's Milk;Red Hot Chili Peppers;13
716;Sing When You're Winning;Robbie Williams;13
717;Emperor Tomato Ketchup;Stereolab;13
718;Bandwagonesque;Teenage Fanclub;13
719;Grand Prix;Teenage Fanclub;13
720;First Band on the Moon;The Cardigans;13
721;Tellin' Stories (US Edition);The Charlatans;13
722;No Need to Argue;The Cranberries;13
723;Hate;The Delgados;13
724;Live at the Hollywood Bowl;The Doors;13
725;Muswell Hillbillies;The Kinks;13
726;Bridges to Babylon;The Rolling Stones;13
727;Get Behind Me Satan;The White Stripes;13
728;A Quick One;The Who;13
729;The Eraser;Thom Yorke;13
730;Lateralus;Tool;13
731;Maladroit;Weezer;13
732;Permanent Vacation;Aerosmith;12
733;Humbug;Arctic Monkeys;12
734;Sunday at the vanguard;Bill Evans;12
735;Parklive Disc 2;Blur;12
736;Greetings From Asbury Park;Bruce Springsteen;12
737;La Taberna del Buda;Café Quijano;12
738;Mardi Gras;Creedence Clearwater Revival;12
739;ELO 2;Electric Light Orchestra;12
740;Captain Fantastic and the Brown Dirt Cowboy;Elton John;12
741;Destrangis;Estopa;12
742;Deltoya;Extremoduro;12
743;Garbage;Garbage;12
744;E=MC2;Giorgio Moroder;12
745;American Beauty;Grateful Dead;12
746;New Values;Iggy Pop;12
747;S.C.I.E.N.C.E.;Incubus;12
748;Further Complications;Jarvis Cocker;12
749;Live in New York City;John Lennon;12
750;Fatal Portrait;King Diamond;12
751;Radio-Activity;Kraftwerk;12
752;The Man Machine;Kraftwerk;12
753;Una semana en el motor de un autobús;Los Planetas;12
754;Things to Make and Do;Moloko;12
755;After the Gold Rush;Neil Young;12
756;Too Much Too Soon;New York Dolls;12
757;Te quiero,Te quiero;Nino Bravo;12
758;Un Beso Y Una Flor;Nino Bravo;12
759;The Wall [CD2];Pink Floyd;12
760;Vamos Tirando;Platero y tú;12
761;Freaks;Pulp;12
762;Murmur;R.E.M.;12
763;Deja Que les Diga Que No!;Rosendo;12
764;El Incendio;Sidonie;12
765;Barrett;Syd Barrett;12
766;Spirit of Eden;Talk Talk;12
767;Veni Vidi Vicious;The Hives;12
768;Skying;The Horrors;12
769;Strange House;The Horrors;12
770;All Mod Cons;The Jam;12
771;Americana;The Offspring;12
772;Zenyattà Mondatta;The Police;12
773;Pretenders II;The Pretenders;12
774;Blondie;Blondie;11
775;Best of;Blur;11
776;Bringing It All Back Home;Bob Dylan;11
777;Pendulum;Creedence Clearwater Revival;11
778;Adrenaline;Deftones;11
779;Hellville de Luxe;Enrique Bunbury;11
780;Anti Todo;Eskorbuto;11
781;¿Dónde Están Mis Amigos?;Extremoduro;11
782;Canciones Prohibidas;Extremoduro;11
783;All Things Must Pass (disc 2);George Harrison;11
784;Orchestra Wives;Glenn Miller;11
785;Song Machine, Season One: Strange Timez (Deluxe Edition);Gorillaz;11
786;Celebrity Skin;Hole;11
787;Si la muerte me mira de frente, me pongo de lao;Ilegales;11
788;Nothing's Shocking;Jane's Addiction;11
789;Aqualung;Jethro Tull;11
790;The Messenger;Johnny Marr;11
791;Myths of the Near Future;Klaxons;11
792;Peasants, Pigs & Astronauts;Kula Shaker;11
793;Pop;Los Planetas;11
794;Shout at the Devil;Mötley Crüe;11
795;Loveless;my bloody valentine;11
796;Prepárate;Obus;11
797;Infest;Papa Roach;11
798;Vs.;Pearl Jam;11
799;Atom Heart Mother;Pink Floyd;11
800;Portishead;Portishead;11
801;The Game;Queen;11
802;Evil Empire;Rage Against the Machine;11
803;Mutter;Rammstein;11
804;Show No Mercy;Slayer;11
805;Long Gone Before Daylight;The Cardigans;11
806;Some Friendly;The Charlatans;11
807;Exit Planet Dust;The Chemical Brothers;11
808;Village Green Preservation Society [Special Deluxe Edition 2004] (CD2 Mono);The Kinks;11
809;Synchronicity;The Police;11
810;Goats Head Soup;The Rolling Stones;11
811;Tattoo You;The Rolling Stones;11
812;Bringing Down The Horse;The Wallflowers;11
813;White Blood Cells;The White Stripes;11
814;Zooropa;U2;11
815;Year Of The Cat;Al Stewart;10
816;Billion Dollar Babies;Alice Cooper;10
817;HONESTIDAD BRUTAL CD2;Andrés Calamaro;10
818;The Man;Barry White;10
819;If You're Feeling Sinister;Belle and Sebastian;10
820;La extraordinaria paradoja del sonido Quijano;Café Quijano;10
821;A Rush of Blood to the Head;Coldplay;10
822;Earthling;David Bowie;10
823;Cien Mil Vueltas;Gabinete Caligari;10
824;The Kiss of Morning;Graham Coxon;10
825;Nimrod;Green Day;10
826;Pearl;Janis Joplin;10
827;La Flaca;Jarabe de Palo;10
828;Ram It Down;Judas Priest;10
829;Rock and Roll Over;Kiss;10
830;Physical Graffiti (CD1);Led Zeppelin;10
831;Entre Amigos;Luis Eduardo Aute;10
832;Kill 'Em All;Metallica;10
833;Hergest Ridge;Mike Oldfield;10
834;Overkill;Motörhead;10
835;The Resistance;Muse;10
836;Harvest;Neil Young;10
837;Pretty Hate Machine;Nine Inch Nails;10
838;Songs For The Front Row - The Best Of Ocean Colour Scene;Ocean Colour Scene;10
839;Placebo;Placebo;10
840;De un país en llamas;Radio Futura;10
841;La canción de Juan Perro;Radio Futura;10
842;Roxy Music;Roxy Music;10
843;Reign in Blood;Slayer;10
844;Other Voices;The Doors;10
845;Costello Music;The Fratellis;10
846;First Impressions of Earth;The Strokes;10
847;It's Hard;The Who;10
848;Afterburner;ZZ Top;10
849;El Loco;ZZ Top;10
850;Tres Hombres;ZZ Top;10
851;High Voltage;AC/DC;9
852;School's Out;Alice Cooper;9
853;Flowing Rivers;Andy Gibb;9
854;Imaginations From The Other Side;Blind Guardian;9
855;Blonde on Blond;Bob Dylan;9
856;Algo más;Camilo Sesto;9
857;Sentimientos;Camilo Sesto;9
858;Indicios;Carlos Berlanga;9
859;Saturday Night Fever: The Original Movie Sound Track;David Shire;9
860;Some Great Reward;Depeche Mode;9
861;Camino Soria;Gabinete Caligari;9
862;Selling England by the Pound;Genesis;9
863;Iron Maiden;Iron Maiden;9
864;Piece of Mind;Iron Maiden;9
865;Volunteers;Jefferson Airplane;9
866;Hotel, Dulce Hotel;Joaquín Sabina;9
867;Señales de Humo;Los Coronas;9
868;Mecano;Mecano;9
869;Porgy and Bess;Miles Davis;9
870;Brotherhood;New Order;9
871;The Good Son;Nick Cave & the Bad Seeds;9
872;Your Funeral... My Trial;Nick Cave & the Bad Seeds;9
873;McCartney;Paul McCartney;9
874;Para Mal O Para Bien;Rosendo;9
875;Virgin Killer;Scorpions;9
876;Fresh Cream;Soundtrack;9
877;Pulp Fiction (Collector's Edition);Soundtrack;9
878;Step II;Sylvester;9
879;Back Stabbers;The O'Jays;9
880;Along Came Jones;Tom Jones;9
881;Wild Life;Wings;9
882;Le Fabuleux Destin d'Amélie Poulain;Yann Tiersen;9
883;Diez;Alaska y Dinarama;8
884;Technical Ectasy;Black Sabbath;8
885;Chic;Chic;8
886;David Bowie;David Bowie;8
887;Segundo Asalto;Def con Dos;8
888;Porcupine;Echo & the Bunnymen;8
889;Glenn Miller (An Album Of Outstanding Arrangements);Glenn Miller;8
890;Aoxomoxoa;Grateful Dead;8
891;American Idiot;Green Day;8
892;Coda;Led Zeppelin;8
893;Nuthin' Fancy;Lynyrd Skynyrd;8
894;The Holy Bible;Manic Street Preachers;8
895;Killing Is My Business...And Business Is Good!;Megadeth;8
896;Ride the Lightning;Metallica;8
897;Movement;New Order;8
898;Power, Corruption & Lies;New Order;8
899;Kicking Against the Pricks;Nick Cave & the Bad Seeds;8
900;Danger Zone;Player;8
901;4ever;Prince;8
902;Green;R.E.M.;8
903;Leave Home;Ramones;8
904;... A Las Lombrices;Rosendo;8
905;Canciones Para Normales y Mero Dementes;Rosendo;8
906;Lovedrive;Scorpions;8
907;Singles 93-03;The Chemical Brothers;8
908;Pornography;The Cure;8
909;Singles;The Smiths;8
910;Raw Power;The Stooges;8
911;Older;Various Artists;8
912;Suffer;Bad Religion;7
913;Never Say Die!;Black Sabbath;7
914;Live At The Budokan;Blur;7
915;The Wild, the Innocent & the E Street Shuffle;Bruce Springsteen;7
916;Live Santa Monica '72;David Bowie;7
917;Deep Purple In Rock;Deep Purple;7
918;Who Do We Think We Are;Deep Purple;7
919;Branquias Bajo el Agua;Derribos Arias;7
920;Nursery Cryme;Genesis;7
921;The Marvelous Miller Medleys;Glenn Miller;7
922;Golpes bajos;Golpes Bajos;7
923;El Espiritu Del Vino;Héroes del Silencio;7
924;Yours Truly, Angry Mob;Kaiser Chiefs;7
925;Empire;Kasabian;7
926;Trans-Europe Express;Kraftwerk;7
927;Presence;Led Zeppelin;7
928;A Día De Hoy;Luis Eduardo Aute;7
929;Tubular Bells II;Mike Oldfield;7
930;Unplugged in New York;Nirvana;7
931;Songs For The Front Row - The Best of Ocean Colour Scene - ARK21;Ocean Colour Scene;7
932;Nowhere;Ride;7
933;Fly To The Rainbow;Scorpions;7
934;Mellon Collie and the Infinite Sadness (CD 1 Dawn to Dusk);The Smashing Pumpkins;7
935;Vivir Para Contarlo;Violadores del Verso;7
936;Bustin' + Dronin' (Disc-1);Blur;6
937;The Freewheelin' Bob Dylan;Bob Dylan;6
938;Mali Music;Damon Albarn;6
939;Foxtrot;Genesis;6
940;Double Fantasy;John Lennon/Yoko Ono;6
941;Korn;Korn;6
942;Generation Terrorists;Manic Street Preachers;6
943;Life in Cartoon Motion;Mika;6
944;Big Calm;Morcheeba;6
945;Metal Box;Public Image Ltd.;6
946;Death Goes To The Disco;Pulp;6
947;Pleasant Dreams;Ramones;6
948;Veo, Veo... Mamoneo;Rosendo;6
949;Grand Theft Auto: San Andreas Official Soundtrack Box Set;Soundtrack;6
950;Minute by Minute;The Doobie Brothers;6
951;Saturday Night Fever: The Original Movie Sound Track;The Trammps;6
952;White light, white heat;The Velvet Underground;6
953;The Invisible Band;Travis;6
954;Dirty Deeds Done Dirt Cheap;AC/DC;5
955;Parklive Disc 3;Blur;5
956;Buddy Holly 75 - CD03;Buddy Holly;5
957;4 años, 2 meses y 1 dia;Cicatriz;5
958;Dr Dee;Damon Albarn;5
959;Pin Ups;David Bowie;5
960;Scary Monsters;David Bowie;5
961;Oi!;Decibelios;5
962;Pulp Fiction (Collector's Edition);Dick Dale;5
963;El Apóstol De La Lujuria;Ilegales;5
964;El Muchacho Eléctrico;Jaime Urrutia;5
965;Best Of Bossa Nova - 75 Classic Hits (Disc 1);João Gilberto;5
966;Kollected - The Best Of Kula Shaker;Kula Shaker;5
967;Kind of Blue;Miles Davis;5
968;Maybe You've Been Brainwashed Too;New Radicals;5
969;Animals;Pink Floyd;5
970;A Pelo;Platero y tú;5
971;Chronic Town;R.E.M.;5
972;Up;R.E.M.;5
973;The Great Rock'n'Roll Swindle;Sid Vicious;5
974;Best Of Bossa Nova - 75 Classic Hits (Disc 1);Sylvia Telles;5
975;Sweetheart Of The Rodeo;The Byrds;5
976;In Concert CD2;The Doors;5
977;Sam's Town;The Killers;5
978;Dirty Work;The Rolling Stones;5
979;Pop;U2;5
980;Vampire Weekend;Vampire Weekend;5
981;Van Halen II;Van Halen;5
982;Al Green Is Love;Al Green;4
983;En Vivo Mucho Mejor;Ariel Rot;4
984;Licensed to Ill;Beastie Boys;4
985;The Boy with the Arab Strap;Belle and Sebastian;4
986;Grandes Éxitos Pequeños Regalos 2;Celtas Cortos;4
987;The Marshall Mathers LP;Eminem;4
988;Los singles;Gabinete Caligari;4
989;Sombras Negras;Gabinete Caligari;4
990;The New Glenn Miller Orchestra in Hi Fi;Glenn Miller;4
991;Mentiras Piadosas;Joaquín Sabina;4
992;Canciones de un Poeta;José Luis Perales;4
993;Vaqueros del espacio;Loquillo y Trogloditas;4
994;Incantations;Mike Oldfield;4
995;Prepárate;Obús;4
996;Different Class (bonus disc);Pulp;4
997;Greatest Hits II;Queen;4
998;Music Kills Me;Rinôçérôse;4
999;File Live Yardbirds;The Yardbirds;4
1000;Pulp Fiction (Collector's Edition);Al Green;3
1001;Metalmorfosis;Barón Rojo;3
1002;Saturday Night Fever Soundtrack;Bee Gees;3
1003;Don't Stop;Billy Idol;3
1004;Colours - Fan Club Single;Blur;3
1005;Midlife A Beginner's Guide To Blur;Blur;3
1006;The Times They Are A-Changin';Bob Dylan;3
1007;A Different Kind of Tension;Buzzcocks;3
1008;9:30 El Remix;El Club de los Poetas Violentos;3
1009;The Good, the Bad and the Ugly;Ennio Morricone;3
1010;El Viaje A Ninguna Parte (disc 1);Enrique Bunbury;3
1011;Grandes éxitos y fracasos (Episodio segundo);Extremoduro;3
1012;Song Machine, Season One: Strange Timez (Japanese Edition);Gorillaz;3
1013;Love Will Tear Us Apart;Joy Division;3
1014;Saturday Night Fever: The Original Movie Sound Track;KC and The Sunshine Band;3
1015;Saturday Night Fever: The Original Movie Sound Track;Kool & the Gang;3
1016;Proxima Estación: Esperanza;Manu Chao;3
1017;Absolution;Muse;3
1018;Innuendo;Queen;3
1019;The Miracle;Queen;3
1020;La Ley Del Desierto, La Ley Del Mar;Radio Futura;3
1021;Saturday Night Fever: The Original Movie Sound Track;Ralph MacDonald;3
1022;Anthology Disc 2;Ramones;3
1023;Paranoid;Soundtrack;3
1024;Saturday Night Fever: The Original Movie Sound Track;Tavares;3
1025;Disintegration;The Cure;3
1026;Hot Fuss (limited edition);The Killers;3
1027;Hums Of The Lovin' Spoonful;The Lovin' Spoonful;3
1028;Saturday Night Fever: The Original Movie Sound Track;Various Artists;3
1029;Saturday Night Fever: The Original Movie Sound Track;Walter Murphy;3
1030;Close to the Edge;Yes;3
1031;Saturday Night Fever: The Original Movie Sound Track;Yvonne Elliman;3
1032;Le origini - Volume 2;Adriano Celentano;2
1033;Mask;Bauhaus;2
1034;All the people... Blur: Live in Hyde Park 02/07/2009 - Disc 01;Blur;2
1035;BBC Broadcasts, 1995.06.17 London, Mile End Stadium;Blur;2
1036;Blurb 1;Blur;2
1037;Pulp Fiction (Collector's Edition);Brothers Johnson;2
1038;Amor Libre;Camilo Sesto;2
1039;Grandes Éxitos Pequeños Regalos 1;Celtas Cortos;2
1040;Reality;David Bowie;2
1041;The Very Best of Elvis Costello Disc 2;Elvis Costello;2
1042;The Very Best of Elvis Costello Disc 2;Elvis Costello & The Attractions;2
1043;Cuatro rosas. Que Dios reparta suerte;Gabinete Caligari;2
1044;Física y Química;Joaquín Sabina;2
1045;Pulp Fiction (Collector's Edition);John Travolta;2
1046;Raindrops Keep Fallin' On My Head;Johnny Mathis;2
1047;Pulp Fiction (Collector's Edition);Kool & the Gang;2
1048;2002 - KOLLECTED - THE BEST OF;Kula Shaker;2
1049;Better Can't Make Your Life Better;Lilys;2
1050;¿Dónde Estabas Tú En El 77?;Loquillo y Trogloditas;2
1051;Pacífico / Todos los chico en la playa;Loquillo y Trogloditas;2
1052;Disco Pirata;Los Rodríguez;2
1053;Metal Machine Music;Lou Reed;2
1054;So Far, So Good... So What!;Megadeth;2
1055;Crises;Mike Oldfield;2
1056;Ommadawn;Mike Oldfield;2
1057;Apocalypshit;Molotov;2
1058;The 2nd Law;Muse;2
1059;One From the Modern;Ocean Colour Scene;2
1060;It;Pulp;2
1061;Bookends;Simon & Garfunkel;2
1062;Performance and Cocktails;Stereophonics;2
1063;Dig Your Own Hole;The Chemical Brothers;2
1064;Best Of The Capitol Years 1995-2007;The Dandy Warhols;2
1065;Absent Friends;The Divine Comedy;2
1066;Is This It (US);The Strokes;2
1067;Winning Days;The Vines;2
1068;Let's Stay Together;Al Green;1
1069;Alaska Y Los Pegamoides;Alaska y Los Pegamoides;1
1070;Raindrops Keep Fallin' on My Head;B.J. Thomas;1
1071;La Araña;Barricada;1
1072;Grand Theft Auto: San Andreas Official Soundtrack Box Set;Black Harmony;1
1073;All the people... Blur: Live in Hyde Park 02/07/2009 - Disc 02;Blur;1
1074;Atrapado en el Amor;Burning;1
1075;Camilo;Camilo Sesto;1
1076;Best Of Bossa Nova - 75 Classic Hits (Disc 1);Carlos Lyra;1
1077;1. Outside - The Nathan Adler Diaries: A Hyper Cycle;David Bowie;1
1078;David Live CD1;David Bowie;1
1079;Space Oddity (Bonus Disc);David Bowie;1
1080;Stage (disc 2);David Bowie;1
1081;Vacaciones en el Prat;Decibelios;1
1082;Ultramemia;Def con Dos;1
1083;Pulp Fiction (Collector's Edition);Duane Whitaker;1
1084;Closeup;Frankie Valli;1
1085;PIAS 2005 Music First;Franz Ferdinand;1
1086;SUBID LA MUSICA;Gabinete Caligari;1
1087;Older;George Michael;1
1088;For The Very First Time Vol. 2;Glenn Miller;1
1089;The Sound of Glenn Miller;Glenn Miller;1
1090;Kasabian;Ｇｏｒｉｌｌａｚ;1
1091;Better Than Raw;Helloween;1
1092;Bonito;Jarabe de Palo;1
1093;De Vuelta Y Vuelta;Jarabe de Palo;1
1094;Depende;Jarabe de Palo;1
1095;Pulp Fiction (Collector's Edition);Link Wray & His Wraymen;1
1096;Bultacos Y Montesas;Los Sencillos;1
1097;Ese Día Piensa En Mí;Los Suaves;1
1098;PIAS 2005 Music First;Marc Parrot;1
1099;Pulp Fiction (Collector's Edition);Maria McKee;1
1100;Antichrist Superstar;Marilyn Manson;1
1101;Metallica (Black Album);Metallica;1
1102;PIAS 2005 Music First;Mowgai;1
1103;Tender Prey;Nick Cave & the Bad Seeds;1
1104;Mi Tierra;Nino Bravo;1
1105;Best Of The Capitol Years 1995-2007;Original TV Soundtrack;1
1106;Manners;Passion Pit;1
1107;Sounds of Silence;Paul Simon;1
1108;Best Of Bossa Nova - 75 Classic Hits (Disc 1);Pery Ribeiro;1
1109;Anthology ( Disc 2 );Ramones;1
1110;Listos Para La Reconversión;Rosendo;1
1111;Pulp Fiction (Collector's Edition);Samuel L. Jackson;1
1112;Blackout;Scorpions;1
1113;Never Mind The Bollocks [TOCP-53098 TOSHIBA-EMI JAPAN];Sex Pistols;1
1114;The Great Rock'n'Roll Swindle;Sex Pistols;1
1115;Sounds of Silence;Simon & Garfunkel;1
1116;Siniestro Total II: El Regreso;Siniestro Total;1
1117;Easy Rider;Steppenwolf;1
1118;Adventure;Television;1
1119;Push the Button;The Chemical Brothers;1
1120;PIAS 2005 Music First;The Go! Team;1
1121;Get The Knack;The Knack;1
1122;Pulp Fiction (Collector's Edition);The Lively Ones;1
1123;Someone to Drive You Home;The Long Blondes;1
1124;Pulp Fiction (Collector's Edition);The Marketts;1
1125;Always Outnumbered Never Outgu;The Prodigy;1
1126;Pulp Fiction (Collector's Edition);The Robins;1
1127;It's Only Rock ' N Roll;The Rolling Stones;1
1128;Their Satanic Majesties Request;The Rolling Stones;1
1129;Mellon Collie and the Infinite Sadness (CD 2 Twilight to Starlight);The Smashing Pumpkins;1
1130;Rotten Apples;The Smashing Pumpkins;1
1131;Hatful Of Hollow (Japan MiniLP WPCR-12439);The Smiths;1
1132;Strangeways, Here We Come;The Smiths;1
1133;Pulp Fiction (Collector's Edition);The Statler Brothers;1
1134;Van Halen;Van Halen;1
1135;The Bends;Varios intérpretes;1
1136;Let's Stay Together;Various Artists;1
1137;The Invisible Band;Various Artists;1
1138;Best Of Bossa Nova - 75 Classic Hits (Disc 1);Vinícius de Moraes;1
